{
  "scheme": "quantile",
  "domain": "per_band",
  "Q": 8,
  "scene_id": "pavia-university",
  "preprocessing_id": "raw",
  "document_count": 207400,
  "band_count": 103,
  "wavelengths_nm": [
    430.0,
    434.215698,
    438.431366,
    442.647064,
    446.862732,
    451.07843,
    455.294128,
    459.509796,
    463.725494,
    467.941162,
    472.15686,
    476.372559,
    480.588226,
    484.803925,
    489.019623,
    493.235291,
    497.450989,
    501.666656,
    505.882355,
    510.098053,
    514.313721,
    518.529419,
    522.745117,
    526.960754,
    531.176453,
    535.392151,
    539.607849,
    543.823547,
    548.039246,
    552.254883,
    556.470581,
    560.686279,
    564.901978,
    569.117676,
    573.333313,
    577.549011,
    581.764709,
    585.980408,
    590.196106,
    594.411743,
    598.627441,
    602.84314,
    607.058838,
    611.274536,
    615.490173,
    619.705872,
    623.92157,
    628.137268,
    632.352966,
    636.568604,
    640.784302,
    645.0,
    649.215698,
    653.431396,
    657.647034,
    661.862732,
    666.07843,
    670.294128,
    674.509827,
    678.725464,
    682.941162,
    687.15686,
    691.372559,
    695.588257,
    699.803894,
    704.019592,
    708.235291,
    712.450989,
    716.666687,
    720.882324,
    725.098022,
    729.313721,
    733.529419,
    737.745117,
    741.960754,
    746.176453,
    750.392151,
    754.607849,
    758.823547,
    763.039246,
    767.254883,
    771.470581,
    775.686279,
    779.901978,
    784.117676,
    788.333313,
    792.549011,
    796.764709,
    800.980408,
    805.196106,
    809.411743,
    813.627441,
    817.84314,
    822.058838,
    826.274536,
    830.490173,
    834.705872,
    838.92157,
    843.137268,
    847.352966,
    851.568604,
    855.784302,
    860.0
  ],
  "vocab_size_per_recipe": {
    "V1_band_freq": 103,
    "V2_bin_phrase": 8,
    "V3_band_bin_ordered": 824,
    "V3b_band_bin_bag": 824
  },
  "doc_length_distribution_per_recipe": {
    "V1_band_freq": {
      "min": 0,
      "p5": 38.0,
      "p25": 254.0,
      "median": 356.0,
      "p75": 483.0,
      "p95": 649.0,
      "max": 721,
      "mean": 360.707324
    },
    "V2_bin_phrase": {
      "min": 103,
      "p5": 103.0,
      "p25": 103.0,
      "median": 103.0,
      "p75": 103.0,
      "p95": 103.0,
      "max": 103,
      "mean": 103.0
    },
    "V3_band_bin_ordered": {
      "min": 103,
      "p5": 103.0,
      "p25": 103.0,
      "median": 103.0,
      "p75": 103.0,
      "p95": 103.0,
      "max": 103,
      "mean": 103.0
    },
    "V3b_band_bin_bag": {
      "min": 103,
      "p5": 103.0,
      "p25": 103.0,
      "median": 103.0,
      "p75": 103.0,
      "p95": 103.0,
      "max": 103,
      "mean": 103.0
    }
  },
  "zero_token_doc_rate_per_recipe": {
    "V1_band_freq": 0.004132,
    "V2_bin_phrase": 0.0,
    "V3_band_bin_ordered": 0.0,
    "V3b_band_bin_bag": 0.0
  },
  "token_sparsity_per_recipe": {
    "V1_band_freq_nonzero_band_ratio_mean": 0.875262,
    "V1_band_freq_nonzero_band_ratio_p50": 1.0
  },
  "bin_population": [
    0.124738,
    0.12492,
    0.124964,
    0.124997,
    0.125072,
    0.125087,
    0.125103,
    0.125119
  ],
  "info_preserved_bits_per_band": [
    2.999996,
    2.999992,
    2.999995,
    2.999988,
    2.999997,
    2.999996,
    2.999991,
    2.999995,
    2.999992,
    2.999992,
    2.999991,
    2.999999,
    2.999994,
    2.999991,
    2.999995,
    2.999993,
    2.999994,
    2.999993,
    2.999998,
    2.999998,
    2.999997,
    2.999998,
    2.999997,
    2.999995,
    2.999998,
    2.999989,
    2.999997,
    2.999992,
    2.999998,
    2.999996,
    2.999994,
    2.999995,
    2.999997,
    2.999997,
    2.999995,
    2.999996,
    2.999996,
    2.999998,
    2.999994,
    2.999995,
    2.999996,
    2.999999,
    2.999999,
    2.999998,
    2.999996,
    2.999997,
    2.999998,
    2.999998,
    2.999999,
    2.999996,
    2.999999,
    2.999998,
    2.999998,
    2.999999,
    2.999998,
    2.999997,
    2.999997,
    2.999999,
    2.999996,
    2.999999,
    2.999997,
    2.999999,
    2.999998,
    2.999997,
    2.999998,
    2.999996,
    2.999999,
    2.999994,
    2.999997,
    2.999996,
    2.999999,
    2.999997,
    2.999996,
    2.999996,
    2.999997,
    2.999996,
    2.999997,
    2.999999,
    2.999998,
    3.0,
    2.999998,
    2.999998,
    2.999999,
    2.999995,
    2.999999,
    2.999999,
    2.999999,
    2.999998,
    2.999999,
    2.999999,
    2.999998,
    2.999997,
    2.999999,
    2.999998,
    2.999997,
    2.999996,
    2.999998,
    2.999998,
    2.999998,
    2.999998,
    2.999998,
    2.999998,
    2.999998
  ],
  "info_preserved_ratio_per_band": [
    1.722904,
    1.679979,
    1.63217,
    1.589679,
    1.55865,
    1.540564,
    1.524319,
    1.517923,
    1.510776,
    1.496383,
    1.480151,
    1.478773,
    1.472232,
    1.46165,
    1.450644,
    1.443429,
    1.431405,
    1.4203,
    1.411151,
    1.401901,
    1.395149,
    1.392182,
    1.398164,
    1.408335,
    1.412441,
    1.40572,
    1.403505,
    1.403373,
    1.401652,
    1.392644,
    1.381596,
    1.373918,
    1.366344,
    1.353474,
    1.34059,
    1.326182,
    1.31363,
    1.303147,
    1.295785,
    1.289678,
    1.28578,
    1.283156,
    1.281139,
    1.277651,
    1.27161,
    1.266196,
    1.263505,
    1.262748,
    1.260442,
    1.262617,
    1.260159,
    1.254651,
    1.251646,
    1.247948,
    1.247685,
    1.247904,
    1.245477,
    1.240883,
    1.237679,
    1.237499,
    1.235524,
    1.232001,
    1.230202,
    1.23033,
    1.234017,
    1.239086,
    1.245211,
    1.258584,
    1.285572,
    1.31811,
    1.333324,
    1.349187,
    1.345757,
    1.316124,
    1.273565,
    1.224045,
    1.179835,
    1.142409,
    1.114873,
    1.094188,
    1.077456,
    1.066688,
    1.065912,
    1.086068,
    1.081574,
    1.069559,
    1.060752,
    1.059275,
    1.059304,
    1.058922,
    1.057373,
    1.059469,
    1.062117,
    1.061976,
    1.061653,
    1.064515,
    1.06594,
    1.073132,
    1.077102,
    1.077347,
    1.082435,
    1.073474,
    1.072192
  ],
  "reconstruction_rmse_per_band": [
    194.782074,
    211.408524,
    227.982574,
    252.630783,
    275.500336,
    292.218597,
    305.202362,
    314.837036,
    324.437195,
    335.365204,
    346.079956,
    352.166962,
    359.260834,
    365.062469,
    367.993164,
    369.401764,
    371.391754,
    372.075012,
    370.553833,
    368.787109,
    366.432495,
    363.81842,
    360.325806,
    356.913086,
    355.676666,
    354.777405,
    350.498779,
    344.180054,
    337.847778,
    333.297394,
    328.7854,
    322.661316,
    316.105469,
    310.760895,
    305.287628,
    299.678772,
    293.888214,
    288.018311,
    281.84726,
    275.71936,
    269.559662,
    263.567963,
    259.013519,
    255.592239,
    253.412964,
    251.767426,
    249.775101,
    247.820953,
    247.054733,
    244.66153,
    244.165329,
    244.52063,
    244.248215,
    244.085434,
    242.964935,
    242.497864,
    242.682907,
    243.326721,
    244.598206,
    244.64563,
    244.26236,
    244.258408,
    243.973358,
    243.132812,
    240.53511,
    238.808548,
    239.633392,
    240.074707,
    240.943146,
    241.991486,
    242.329727,
    239.683609,
    231.587463,
    219.890305,
    210.537369,
    207.279556,
    207.984894,
    211.860062,
    216.98735,
    222.25267,
    227.489136,
    231.044678,
    229.636032,
    221.009613,
    222.117966,
    227.902771,
    231.063614,
    231.009338,
    230.318832,
    229.759277,
    229.942337,
    228.161911,
    226.063431,
    225.203171,
    224.483536,
    222.555252,
    219.393768,
    215.663864,
    213.233246,
    212.50499,
    211.539825,
    212.500748,
    214.556732
  ],