{
  "scheme": "uniform",
  "domain": "per_band",
  "Q": 16,
  "scene_id": "pavia-university",
  "preprocessing_id": "raw",
  "document_count": 207400,
  "band_count": 103,
  "wavelengths_nm": [
    430.0,
    434.215698,
    438.431366,
    442.647064,
    446.862732,
    451.07843,
    455.294128,
    459.509796,
    463.725494,
    467.941162,
    472.15686,
    476.372559,
    480.588226,
    484.803925,
    489.019623,
    493.235291,
    497.450989,
    501.666656,
    505.882355,
    510.098053,
    514.313721,
    518.529419,
    522.745117,
    526.960754,
    531.176453,
    535.392151,
    539.607849,
    543.823547,
    548.039246,
    552.254883,
    556.470581,
    560.686279,
    564.901978,
    569.117676,
    573.333313,
    577.549011,
    581.764709,
    585.980408,
    590.196106,
    594.411743,
    598.627441,
    602.84314,
    607.058838,
    611.274536,
    615.490173,
    619.705872,
    623.92157,
    628.137268,
    632.352966,
    636.568604,
    640.784302,
    645.0,
    649.215698,
    653.431396,
    657.647034,
    661.862732,
    666.07843,
    670.294128,
    674.509827,
    678.725464,
    682.941162,
    687.15686,
    691.372559,
    695.588257,
    699.803894,
    704.019592,
    708.235291,
    712.450989,
    716.666687,
    720.882324,
    725.098022,
    729.313721,
    733.529419,
    737.745117,
    741.960754,
    746.176453,
    750.392151,
    754.607849,
    758.823547,
    763.039246,
    767.254883,
    771.470581,
    775.686279,
    779.901978,
    784.117676,
    788.333313,
    792.549011,
    796.764709,
    800.980408,
    805.196106,
    809.411743,
    813.627441,
    817.84314,
    822.058838,
    826.274536,
    830.490173,
    834.705872,
    838.92157,
    843.137268,
    847.352966,
    851.568604,
    855.784302,
    860.0
  ],
  "vocab_size_per_recipe": {
    "V1_band_freq": 103,
    "V2_bin_phrase": 16,
    "V3_band_bin_ordered": 1645,
    "V3b_band_bin_bag": 1645
  },
  "doc_length_distribution_per_recipe": {
    "V1_band_freq": {
      "min": 0,
      "p5": 57.0,
      "p25": 180.0,
      "median": 222.0,
      "p75": 275.0,
      "p95": 413.0,
      "max": 1460,
      "mean": 232.207695
    },
    "V2_bin_phrase": {
      "min": 103,
      "p5": 103.0,
      "p25": 103.0,
      "median": 103.0,
      "p75": 103.0,
      "p95": 103.0,
      "max": 103,
      "mean": 103.0
    },
    "V3_band_bin_ordered": {
      "min": 103,
      "p5": 103.0,
      "p25": 103.0,
      "median": 103.0,
      "p75": 103.0,
      "p95": 103.0,
      "max": 103,
      "mean": 103.0
    },
    "V3b_band_bin_bag": {
      "min": 103,
      "p5": 103.0,
      "p25": 103.0,
      "median": 103.0,
      "p75": 103.0,
      "p95": 103.0,
      "max": 103,
      "mean": 103.0
    }
  },
  "zero_token_doc_rate_per_recipe": {
    "V1_band_freq": 0.002396,
    "V2_bin_phrase": 0.0,
    "V3_band_bin_ordered": 0.0,
    "V3b_band_bin_bag": 0.0
  },
  "token_sparsity_per_recipe": {
    "V1_band_freq_nonzero_band_ratio_mean": 0.849597,
    "V1_band_freq_nonzero_band_ratio_p50": 1.0
  },
  "bin_population": [
    0.150403,
    0.247789,
    0.23132,
    0.150834,
    0.106446,
    0.06215,
    0.024771,
    0.013913,
    0.006793,
    0.003346,
    0.00118,
    0.000466,
    0.000355,
    7.3e-05,
    4.5e-05,
    0.000116
  ],
  "info_preserved_bits_per_band": [
    1.741244,
    1.785732,
    1.838041,
    1.887166,
    1.92474,
    1.947336,
    1.968086,
    1.976382,
    1.985729,
    2.004829,
    2.026814,
    2.028708,
    2.037719,
    2.052468,
    2.068043,
    2.078379,
    2.095838,
    2.112225,
    2.125923,
    2.139951,
    2.150306,
    2.154889,
    2.145669,
    2.130172,
    2.123982,
    2.134129,
    2.137504,
    2.137702,
    2.140331,
    2.154172,
    2.171397,
    2.183533,
    2.195637,
    2.216516,
    2.237817,
    2.26213,
    2.283746,
    2.302119,
    2.315195,
    2.326158,
    2.333211,
    2.337985,
    2.341664,
    2.348057,
    2.359211,
    2.369298,
    2.374345,
    2.375768,
    2.380117,
    2.376015,
    2.380651,
    2.3911,
    2.396843,
    2.403946,
    2.404451,
    2.404028,
    2.408713,
    2.417633,
    2.423889,
    2.424244,
    2.428118,
    2.435062,
    2.438623,
    2.438369,
    2.431084,
    2.421136,
    2.409229,
    2.383627,
    2.333589,
    2.275983,
    2.250014,
    2.223559,
    2.229227,
    2.279417,
    2.355591,
    2.450887,
    2.542725,
    2.626029,
    2.690886,
    2.741758,
    2.784334,
    2.812441,
    2.81449,
    2.762255,
    2.773735,
    2.804894,
    2.828182,
    2.832123,
    2.832047,
    2.833069,
    2.837218,
    2.831604,
    2.824546,
    2.824921,
    2.82578,
    2.81818,
    2.814415,
    2.795555,
    2.785249,
    2.784617,
    2.771528,
    2.794664,
    2.798006
  ],
  "info_preserved_ratio_per_band": [
    0.653601,
    0.664748,
    0.676506,
    0.682796,
    0.690906,
    0.701129,
    0.706889,
    0.705768,
    0.703015,
    0.701791,
    0.700738,
    0.696537,
    0.693832,
    0.692397,
    0.691883,
    0.690929,
    0.691888,
    0.693743,
    0.695465,
    0.697426,
    0.698894,
    0.699125,
    0.696902,
    0.693245,
    0.690303,
    0.689441,
    0.689676,
    0.689991,
    0.690687,
    0.692885,
    0.695369,
    0.697009,
    0.697862,
    0.699,
    0.699801,
    0.701291,
    0.702643,
    0.703615,
    0.704389,
    0.705589,
    0.70649,
    0.707164,
    0.707074,
    0.707467,
    0.708496,
    0.709382,
    0.70979,
    0.709802,
    0.71021,
    0.709845,
    0.710249,
    0.711053,
    0.711358,
    0.711841,
    0.711565,
    0.711361,
    0.711502,
    0.711887,
    0.711779,
    0.71129,
    0.711354,
    0.711959,
    0.712411,
    0.712908,
    0.713726,
    0.713623,
    0.711596,
    0.710119,
    0.705891,
    0.7013,
    0.703275,
    0.700142,
    0.700663,
    0.705158,
    0.710061,
    0.716616,
    0.722696,
    0.730726,
    0.735263,
    0.738943,
    0.742109,
    0.744428,
    0.742271,
    0.738267,
    0.738896,
    0.743398,
    0.744862,
    0.745176,
    0.74524,
    0.745366,
    0.745718,
    0.745296,
    0.744929,
    0.745,
    0.745118,
    0.744996,
    0.742469,
    0.741512,
    0.740909,
    0.740779,
    0.74194,
    0.741397,
    0.743524
  ],
  "reconstruction_rmse_per_band": [
    133.641251,
    132.41713,
    131.555283,
    131.055115,
    130.384003,
    128.214035,
    127.278214,
    126.593445,
    126.471558,
    127.118454,
    127.776047,
    128.505951,
    129.042435,
    129.634628,
    130.21785,
    131.109802,
    131.785522,
    132.176727,
    132.546387,
    132.960739,
    133.579208,
    134.682861,
    135.554291,
    135.867065,
    134.975204,
    133.774918,
    133.32016,
    133.194641,
    133.20813,
    133.159698,
    133.366211,
    133.522537,
    133.96489,
    134.683517,
    135.411072,
    136.003174,
    136.636139,
    137.114487,
    137.410446,
    137.508926,
    137.603241,
    137.868637,
    138.338486,
    138.373108,
    138.385956,
    138.633499,
    138.903442,
    139.110367,
    139.133636,
    139.181519,
    139.248672,
    139.463577,
    139.74295,
    139.88179,
    139.910339,
    139.769028,
    139.541794,
    139.278061,
    139.126999,
    138.917465,
    138.833313,
    138.771027,
    138.716248,
    138.726929,
    139.013763,
    139.593063,
    139.856308,
    140.14537,
    140.916595,
    137.469528,
    136.777954,
    136.751236,
    136.577835,
    137.048325,
    137.468277,
    138.789093,
    139.609772,
    140.881531,
    141.116302,
    141.437805,
    141.405579,
    141.100784,
    139.107452,
    138.104538,
    138.902557,
    141.503143,
    141.567093,
    141.435608,
    141.359787,
    141.313202,
    141.125443,
    141.162735,
    141.168167,
    141.086288,
    140.99469,
    140.781357,
    137.778229,
    137.711517,
    137.617844,
    137.740875,
    140.676987,
    138.202042,
    140.907883
  ],