{
  "scheme": "uniform",
  "domain": "global",
  "Q": 8,
  "scene_id": "pavia-university",
  "preprocessing_id": "raw",
  "document_count": 207400,
  "band_count": 103,
  "wavelengths_nm": [
    430.0,
    434.215698,
    438.431366,
    442.647064,
    446.862732,
    451.07843,
    455.294128,
    459.509796,
    463.725494,
    467.941162,
    472.15686,
    476.372559,
    480.588226,
    484.803925,
    489.019623,
    493.235291,
    497.450989,
    501.666656,
    505.882355,
    510.098053,
    514.313721,
    518.529419,
    522.745117,
    526.960754,
    531.176453,
    535.392151,
    539.607849,
    543.823547,
    548.039246,
    552.254883,
    556.470581,
    560.686279,
    564.901978,
    569.117676,
    573.333313,
    577.549011,
    581.764709,
    585.980408,
    590.196106,
    594.411743,
    598.627441,
    602.84314,
    607.058838,
    611.274536,
    615.490173,
    619.705872,
    623.92157,
    628.137268,
    632.352966,
    636.568604,
    640.784302,
    645.0,
    649.215698,
    653.431396,
    657.647034,
    661.862732,
    666.07843,
    670.294128,
    674.509827,
    678.725464,
    682.941162,
    687.15686,
    691.372559,
    695.588257,
    699.803894,
    704.019592,
    708.235291,
    712.450989,
    716.666687,
    720.882324,
    725.098022,
    729.313721,
    733.529419,
    737.745117,
    741.960754,
    746.176453,
    750.392151,
    754.607849,
    758.823547,
    763.039246,
    767.254883,
    771.470581,
    775.686279,
    779.901978,
    784.117676,
    788.333313,
    792.549011,
    796.764709,
    800.980408,
    805.196106,
    809.411743,
    813.627441,
    817.84314,
    822.058838,
    826.274536,
    830.490173,
    834.705872,
    838.92157,
    843.137268,
    847.352966,
    851.568604,
    855.784302,
    860.0
  ],
  "vocab_size_per_recipe": {
    "V1_band_freq": 103,
    "V2_bin_phrase": 8,
    "V3_band_bin_ordered": 824,
    "V3b_band_bin_bag": 824
  },
  "doc_length_distribution_per_recipe": {
    "V1_band_freq": {
      "min": 0,
      "p5": 8.0,
      "p25": 63.0,
      "median": 91.0,
      "p75": 109.0,
      "p95": 182.0,
      "max": 694,
      "mean": 92.568824
    },
    "V2_bin_phrase": {
      "min": 103,
      "p5": 103.0,
      "p25": 103.0,
      "median": 103.0,
      "p75": 103.0,
      "p95": 103.0,
      "max": 103,
      "mean": 103.0
    },
    "V3_band_bin_ordered": {
      "min": 103,
      "p5": 103.0,
      "p25": 103.0,
      "median": 103.0,
      "p75": 103.0,
      "p95": 103.0,
      "max": 103,
      "mean": 103.0
    },
    "V3b_band_bin_bag": {
      "min": 103,
      "p5": 103.0,
      "p25": 103.0,
      "median": 103.0,
      "p75": 103.0,
      "p95": 103.0,
      "max": 103,
      "mean": 103.0
    }
  },
  "zero_token_doc_rate_per_recipe": {
    "V1_band_freq": 0.038664,
    "V2_bin_phrase": 0.0,
    "V3_band_bin_ordered": 0.0,
    "V3b_band_bin_bag": 0.0
  },
  "token_sparsity_per_recipe": {
    "V1_band_freq_nonzero_band_ratio_mean": 0.604195,
    "V1_band_freq_nonzero_band_ratio_p50": 0.61165
  },
  "bin_population": [
    0.395805,
    0.377916,
    0.173749,
    0.039825,
    0.010439,
    0.001676,
    0.00043,
    0.000161
  ],
  "info_preserved_bits_per_band": [
    1.082777,
    1.005932,
    0.977465,
    1.016423,
    1.052764,
    1.067387,
    1.076692,
    1.075191,
    1.079957,
    1.095811,
    1.114003,
    1.114906,
    1.121446,
    1.133485,
    1.143966,
    1.149544,
    1.160955,
    1.172772,
    1.182518,
    1.193875,
    1.205317,
    1.219624,
    1.231795,
    1.245983,
    1.268603,
    1.296546,
    1.310537,
    1.316359,
    1.320981,
    1.335042,
    1.3514,
    1.360437,
    1.367456,
    1.38075,
    1.39291,
    1.40456,
    1.413879,
    1.421795,
    1.426798,
    1.430331,
    1.43249,
    1.43215,
    1.431831,
    1.435901,
    1.44509,
    1.452477,
    1.454153,
    1.452686,
    1.454821,
    1.449314,
    1.453734,
    1.46252,
    1.465124,
    1.468234,
    1.465043,
    1.461179,
    1.464308,
    1.472231,
    1.476375,
    1.475167,
    1.478051,
    1.484396,
    1.488042,
    1.487611,
    1.481472,
    1.480477,
    1.484035,
    1.469856,
    1.408314,
    1.33156,
    1.289298,
    1.289552,
    1.356869,
    1.429856,
    1.492663,
    1.569223,
    1.633701,
    1.700217,
    1.750868,
    1.790633,
    1.825106,
    1.850561,
    1.848377,
    1.803397,
    1.81015,
    1.841005,
    1.8607,
    1.863845,
    1.863041,
    1.863328,
    1.86665,
    1.860869,
    1.853766,
    1.853418,
    1.854114,
    1.847814,
    1.833023,
    1.814703,
    1.804245,
    1.804259,
    1.803226,
    1.810906,
    1.824592
  ],
  "info_preserved_ratio_per_band": [
    0.621841,
    0.563316,
    0.531797,
    0.538598,
    0.546964,
    0.548126,
    0.547076,
    0.54402,
    0.543859,
    0.546586,
    0.549632,
    0.549565,
    0.550344,
    0.552255,
    0.553164,
    0.553097,
    0.553934,
    0.555231,
    0.556237,
    0.557898,
    0.560533,
    0.56598,
    0.574085,
    0.584921,
    0.597276,
    0.607529,
    0.613116,
    0.615782,
    0.617185,
    0.619747,
    0.622364,
    0.623044,
    0.622806,
    0.622937,
    0.622442,
    0.620902,
    0.619105,
    0.617603,
    0.616276,
    0.61489,
    0.613957,
    0.612557,
    0.611458,
    0.611527,
    0.612531,
    0.613041,
    0.612444,
    0.61146,
    0.611239,
    0.609977,
    0.610646,
    0.611652,
    0.611273,
    0.61076,
    0.609305,
    0.607804,
    0.607921,
    0.608956,
    0.609094,
    0.608506,
    0.608723,
    0.609593,
    0.610198,
    0.610085,
    0.609388,
    0.61148,
    0.615979,
    0.616647,
    0.603497,
    0.585049,
    0.573018,
    0.57995,
    0.608673,
    0.62729,
    0.633668,
    0.640268,
    0.6425,
    0.647448,
    0.650666,
    0.653097,
    0.655491,
    0.657991,
    0.656736,
    0.652871,
    0.652604,
    0.656355,
    0.657914,
    0.658109,
    0.657842,
    0.657706,
    0.657916,
    0.657178,
    0.656306,
    0.656096,
    0.656142,
    0.655676,
    0.651298,
    0.649139,
    0.647786,
    0.647938,
    0.650625,
    0.647987,
    0.652105
  ],
  "reconstruction_rmse_per_band": [
    208.231049,
    213.580353,
    219.942139,
    220.468948,
    215.94043,
    211.805695,
    211.757736,
    214.501846,
    217.298492,
    219.331116,
    221.595047,
    225.232178,
    228.246979,
    230.351242,
    232.359879,
    234.746796,
    236.691513,
    237.876495,
    238.782455,
    239.318634,
    239.126709,
    238.413193,
    237.853577,
    237.841049,
    239.26326,
    242.474579,
    245.099228,
    247.29657,
    249.716476,
    252.494888,
    255.336227,
    256.940735,
    258.007111,
    259.504608,
    260.58374,
    261.391754,
    262.29483,
    263.05368,
    263.769897,
    264.544647,
    265.546478,
    266.723358,
    267.709686,
    267.474731,
    266.794495,
    266.534637,
    266.871277,
    267.432526,
    267.593994,
    267.9245,
    267.914551,
    267.93335,
    268.324768,
    268.834503,
    269.766266,
    270.969513,
    271.733551,
    272.436859,
    273.55246,
    274.524506,
    274.834839,
    274.352325,
    273.358612,
    271.444489,
    267.934448,
    263.307892,
    260.595917,
    261.639008,
    264.489349,
    259.406647,
    255.774002,
    257.749481,
    255.314087,
    254.516922,
    259.685272,
    261.476044,
    264.183716,
    265.067627,
    266.301453,
    267.846008,
    269.004913,
    269.346161,
    267.851746,
    265.642334,
    267.235504,
    269.713226,
    270.678284,
    270.761902,
    270.67926,
    270.614288,
    270.558502,
    270.445007,
    270.11618,
    270.051636,
    270.070099,
    269.335052,
    268.183319,
    267.207031,
    267.051605,
    267.254608,
    267.268188,
    268.29184,
    269.404663
  ],