{
  "scheme": "quantile",
  "domain": "global",
  "Q": 16,
  "scene_id": "pavia-university",
  "preprocessing_id": "raw",
  "document_count": 207400,
  "band_count": 103,
  "wavelengths_nm": [
    430.0,
    434.215698,
    438.431366,
    442.647064,
    446.862732,
    451.07843,
    455.294128,
    459.509796,
    463.725494,
    467.941162,
    472.15686,
    476.372559,
    480.588226,
    484.803925,
    489.019623,
    493.235291,
    497.450989,
    501.666656,
    505.882355,
    510.098053,
    514.313721,
    518.529419,
    522.745117,
    526.960754,
    531.176453,
    535.392151,
    539.607849,
    543.823547,
    548.039246,
    552.254883,
    556.470581,
    560.686279,
    564.901978,
    569.117676,
    573.333313,
    577.549011,
    581.764709,
    585.980408,
    590.196106,
    594.411743,
    598.627441,
    602.84314,
    607.058838,
    611.274536,
    615.490173,
    619.705872,
    623.92157,
    628.137268,
    632.352966,
    636.568604,
    640.784302,
    645.0,
    649.215698,
    653.431396,
    657.647034,
    661.862732,
    666.07843,
    670.294128,
    674.509827,
    678.725464,
    682.941162,
    687.15686,
    691.372559,
    695.588257,
    699.803894,
    704.019592,
    708.235291,
    712.450989,
    716.666687,
    720.882324,
    725.098022,
    729.313721,
    733.529419,
    737.745117,
    741.960754,
    746.176453,
    750.392151,
    754.607849,
    758.823547,
    763.039246,
    767.254883,
    771.470581,
    775.686279,
    779.901978,
    784.117676,
    788.333313,
    792.549011,
    796.764709,
    800.980408,
    805.196106,
    809.411743,
    813.627441,
    817.84314,
    822.058838,
    826.274536,
    830.490173,
    834.705872,
    838.92157,
    843.137268,
    847.352966,
    851.568604,
    855.784302,
    860.0
  ],
  "vocab_size_per_recipe": {
    "V1_band_freq": 103,
    "V2_bin_phrase": 16,
    "V3_band_bin_ordered": 1648,
    "V3b_band_bin_bag": 1648
  },
  "doc_length_distribution_per_recipe": {
    "V1_band_freq": {
      "min": 0,
      "p5": 245.0,
      "p25": 606.0,
      "median": 754.0,
      "p75": 945.0,
      "p95": 1285.0,
      "max": 1545,
      "mean": 772.751225
    },
    "V2_bin_phrase": {
      "min": 103,
      "p5": 103.0,
      "p25": 103.0,
      "median": 103.0,
      "p75": 103.0,
      "p95": 103.0,
      "max": 103,
      "mean": 103.0
    },
    "V3_band_bin_ordered": {
      "min": 103,
      "p5": 103.0,
      "p25": 103.0,
      "median": 103.0,
      "p75": 103.0,
      "p95": 103.0,
      "max": 103,
      "mean": 103.0
    },
    "V3b_band_bin_bag": {
      "min": 103,
      "p5": 103.0,
      "p25": 103.0,
      "median": 103.0,
      "p75": 103.0,
      "p95": 103.0,
      "max": 103,
      "mean": 103.0
    }
  },
  "zero_token_doc_rate_per_recipe": {
    "V1_band_freq": 1e-05,
    "V2_bin_phrase": 0.0,
    "V3_band_bin_ordered": 0.0,
    "V3b_band_bin_bag": 0.0
  },
  "token_sparsity_per_recipe": {
    "V1_band_freq_nonzero_band_ratio_mean": 0.937501,
    "V1_band_freq_nonzero_band_ratio_p50": 1.0
  },
  "bin_population": [
    0.062499,
    0.062186,
    0.062506,
    0.062709,
    0.062446,
    0.062569,
    0.062114,
    0.062902,
    0.062355,
    0.06268,
    0.062432,
    0.062412,
    0.062533,
    0.062483,
    0.06261,
    0.062565
  ],
  "info_preserved_bits_per_band": [
    3.47952,
    3.483761,
    3.476197,
    3.505464,
    3.522993,
    3.516502,
    3.517418,
    3.520132,
    3.529421,
    3.54614,
    3.562856,
    3.562252,
    3.567696,
    3.579779,
    3.591664,
    3.597924,
    3.612584,
    3.628208,
    3.644069,
    3.662688,
    3.680564,
    3.698097,
    3.708983,
    3.712874,
    3.72036,
    3.72797,
    3.728782,
    3.727022,
    3.727715,
    3.734209,
    3.743561,
    3.753008,
    3.76445,
    3.782896,
    3.803405,
    3.824084,
    3.84081,
    3.855163,
    3.865374,
    3.872586,
    3.87649,
    3.878616,
    3.881986,
    3.886651,
    3.892126,
    3.896892,
    3.89849,
    3.898372,
    3.899194,
    3.897211,
    3.89921,
    3.903085,
    3.903683,
    3.903728,
    3.899959,
    3.895457,
    3.89309,
    3.890857,
    3.886997,
    3.880941,
    3.878439,
    3.879898,
    3.883038,
    3.888804,
    3.899034,
    3.908225,
    3.90361,
    3.864699,
    3.784765,
    3.678288,
    3.570272,
    3.485774,
    3.433702,
    3.413821,
    3.411488,
    3.409958,
    3.402624,
    3.384704,
    3.365644,
    3.347123,
    3.323425,
    3.311995,
    3.314026,
    3.305725,
    3.291445,
    3.290883,
    3.28879,
    3.290386,
    3.290067,
    3.282244,
    3.265617,
    3.264822,
    3.27108,
    3.265097,
    3.260434,
    3.26695,
    3.267147,
    3.259225,
    3.26361,
    3.273812,
    3.283499,
    3.275043,
    3.262838
  ],
  "info_preserved_ratio_per_band": [
    1.306088,
    1.296849,
    1.279442,
    1.268313,
    1.264616,
    1.2661,
    1.263372,
    1.257042,
    1.249534,
    1.241326,
    1.231799,
    1.223063,
    1.21478,
    1.207633,
    1.201624,
    1.196082,
    1.192603,
    1.191655,
    1.192104,
    1.193697,
    1.19626,
    1.199798,
    1.204658,
    1.208321,
    1.209132,
    1.204339,
    1.203109,
    1.202979,
    1.202937,
    1.2011,
    1.198839,
    1.198004,
    1.196494,
    1.192974,
    1.189385,
    1.185517,
    1.181706,
    1.178284,
    1.176026,
    1.174664,
    1.17379,
    1.173155,
    1.17218,
    1.171044,
    1.168847,
    1.166752,
    1.165419,
    1.164706,
    1.163492,
    1.164309,
    1.163299,
    1.160679,
    1.158572,
    1.155947,
    1.15414,
    1.15268,
    1.149968,
    1.145688,
    1.141422,
    1.138694,
    1.136247,
    1.134397,
    1.134377,
    1.136974,
    1.144693,
    1.151938,
    1.15298,
    1.151353,
    1.144859,
    1.133393,
    1.115941,
    1.097581,
    1.079238,
    1.056096,
    1.028347,
    0.997039,
    0.967097,
    0.941837,
    0.919635,
    0.902098,
    0.885794,
    0.876655,
    0.874015,
    0.88352,
    0.876809,
    0.872202,
    0.866173,
    0.865752,
    0.865766,
    0.863542,
    0.858316,
    0.859321,
    0.862696,
    0.861085,
    0.85973,
    0.86363,
    0.861904,
    0.864499,
    0.868159,
    0.870917,
    0.878995,
    0.868837,
    0.867046
  ],
  "reconstruction_rmse_per_band": [
    55.094959,
    59.590382,
    65.501694,
    76.71978,
    87.28553,
    95.638229,
    103.612312,
    109.994415,
    116.881989,
    126.411919,
    136.372726,
    140.831757,
    146.458389,
    152.448837,
    156.712433,
    159.160324,
    162.216003,
    165.000122,
    166.381897,
    167.312057,
    167.742767,
    167.914307,
    167.366241,
    166.632706,
    168.323807,
    170.687531,
    169.033737,
    165.317566,
    161.570465,
    159.50647,
    158.24144,
    154.37146,
    149.802582,
    148.11116,
    146.514816,
    145.604523,
    143.595718,
    141.622223,
    139.555222,
    137.296692,
    133.814407,
    129.660385,
    127.397224,
    126.24456,
    127.078072,
    127.908493,
    127.959007,
    127.458336,
    127.98011,
    126.235413,
    126.784958,
    127.754074,
    128.033524,
    128.484283,
    127.81134,
    127.508316,
    128.150589,
    129.217316,
    130.825882,
    131.224274,
    130.913193,
    131.391754,
    131.196579,
    130.454041,
    127.967621,
    126.099548,
    127.359619,
    127.955032,
    129.442551,
    130.815094,
    131.684082,
    131.666046,
    130.673691,
    131.397095,
    138.990234,
    146.047668,
    157.498184,
    175.249878,
    194.794052,
    214.107346,
    233.735382,
    246.914169,
    245.727341,
    227.960587,
    234.126358,
    249.320755,
    257.789856,
    258.428345,
    258.009674,
    259.175873,
    262.960449,
    260.008209,
    254.789093,
    255.221222,
    255.925842,
    250.978256,
    243.568329,
    235.963715,
    230.397003,
    228.292191,
    225.624542,
    230.236572,
    237.904877
  ],