{
  "scheme": "quantile",
  "domain": "per_band",
  "Q": 16,
  "scene_id": "pavia-university",
  "preprocessing_id": "raw",
  "document_count": 207400,
  "band_count": 103,
  "wavelengths_nm": [
    430.0,
    434.215698,
    438.431366,
    442.647064,
    446.862732,
    451.07843,
    455.294128,
    459.509796,
    463.725494,
    467.941162,
    472.15686,
    476.372559,
    480.588226,
    484.803925,
    489.019623,
    493.235291,
    497.450989,
    501.666656,
    505.882355,
    510.098053,
    514.313721,
    518.529419,
    522.745117,
    526.960754,
    531.176453,
    535.392151,
    539.607849,
    543.823547,
    548.039246,
    552.254883,
    556.470581,
    560.686279,
    564.901978,
    569.117676,
    573.333313,
    577.549011,
    581.764709,
    585.980408,
    590.196106,
    594.411743,
    598.627441,
    602.84314,
    607.058838,
    611.274536,
    615.490173,
    619.705872,
    623.92157,
    628.137268,
    632.352966,
    636.568604,
    640.784302,
    645.0,
    649.215698,
    653.431396,
    657.647034,
    661.862732,
    666.07843,
    670.294128,
    674.509827,
    678.725464,
    682.941162,
    687.15686,
    691.372559,
    695.588257,
    699.803894,
    704.019592,
    708.235291,
    712.450989,
    716.666687,
    720.882324,
    725.098022,
    729.313721,
    733.529419,
    737.745117,
    741.960754,
    746.176453,
    750.392151,
    754.607849,
    758.823547,
    763.039246,
    767.254883,
    771.470581,
    775.686279,
    779.901978,
    784.117676,
    788.333313,
    792.549011,
    796.764709,
    800.980408,
    805.196106,
    809.411743,
    813.627441,
    817.84314,
    822.058838,
    826.274536,
    830.490173,
    834.705872,
    838.92157,
    843.137268,
    847.352966,
    851.568604,
    855.784302,
    860.0
  ],
  "vocab_size_per_recipe": {
    "V1_band_freq": 103,
    "V2_bin_phrase": 16,
    "V3_band_bin_ordered": 1648,
    "V3b_band_bin_bag": 1648
  },
  "doc_length_distribution_per_recipe": {
    "V1_band_freq": {
      "min": 0,
      "p5": 119.0,
      "p25": 561.0,
      "median": 765.0,
      "p75": 1013.0,
      "p95": 1362.0,
      "max": 1545,
      "mean": 772.915709
    },
    "V2_bin_phrase": {
      "min": 103,
      "p5": 103.0,
      "p25": 103.0,
      "median": 103.0,
      "p75": 103.0,
      "p95": 103.0,
      "max": 103,
      "mean": 103.0
    },
    "V3_band_bin_ordered": {
      "min": 103,
      "p5": 103.0,
      "p25": 103.0,
      "median": 103.0,
      "p75": 103.0,
      "p95": 103.0,
      "max": 103,
      "mean": 103.0
    },
    "V3b_band_bin_bag": {
      "min": 103,
      "p5": 103.0,
      "p25": 103.0,
      "median": 103.0,
      "p75": 103.0,
      "p95": 103.0,
      "max": 103,
      "mean": 103.0
    }
  },
  "zero_token_doc_rate_per_recipe": {
    "V1_band_freq": 0.000781,
    "V2_bin_phrase": 0.0,
    "V3_band_bin_ordered": 0.0,
    "V3b_band_bin_bag": 0.0
  },
  "token_sparsity_per_recipe": {
    "V1_band_freq_nonzero_band_ratio_mean": 0.937681,
    "V1_band_freq_nonzero_band_ratio_p50": 1.0
  },
  "bin_population": [
    0.062319,
    0.062419,
    0.062484,
    0.062436,
    0.062516,
    0.062448,
    0.062479,
    0.062518,
    0.062552,
    0.062521,
    0.062511,
    0.062576,
    0.06256,
    0.062543,
    0.062569,
    0.06255
  ],
  "info_preserved_bits_per_band": [
    3.999989,
    3.999972,
    3.99998,
    3.999975,
    3.999981,
    3.999959,
    3.99998,
    3.999973,
    3.99998,
    3.999974,
    3.99997,
    3.999973,
    3.999966,
    3.999983,
    3.999991,
    3.999987,
    3.999986,
    3.999978,
    3.999985,
    3.999986,
    3.99999,
    3.999985,
    3.999992,
    3.999987,
    3.999989,
    3.999974,
    3.999984,
    3.999978,
    3.999982,
    3.99999,
    3.999966,
    3.999975,
    3.999985,
    3.999984,
    3.999981,
    3.999993,
    3.999989,
    3.999989,
    3.999989,
    3.999984,
    3.999989,
    3.999994,
    3.999991,
    3.999988,
    3.999994,
    3.999993,
    3.999993,
    3.999988,
    3.999992,
    3.99999,
    3.999994,
    3.999992,
    3.999989,
    3.999989,
    3.999989,
    3.999987,
    3.999992,
    3.999996,
    3.99999,
    3.999996,
    3.999981,
    3.99999,
    3.999994,
    3.99999,
    3.999993,
    3.999987,
    3.999992,
    3.999989,
    3.999992,
    3.999979,
    3.999974,
    3.999978,
    3.999991,
    3.999978,
    3.999987,
    3.999991,
    3.999991,
    3.999992,
    3.999989,
    3.999995,
    3.999996,
    3.999995,
    3.999997,
    3.999994,
    3.999998,
    3.999995,
    3.999993,
    3.999994,
    3.999995,
    3.999994,
    3.999994,
    3.999996,
    3.999995,
    3.999996,
    3.999996,
    3.999989,
    3.999995,
    3.999996,
    3.999997,
    3.999993,
    3.999989,
    3.99999,
    3.999996
  ],
  "info_preserved_ratio_per_band": [
    1.501454,
    1.489011,
    1.472224,
    1.447232,
    1.435835,
    1.440167,
    1.436696,
    1.428393,
    1.416127,
    1.400191,
    1.382924,
    1.373351,
    1.361965,
    1.349388,
    1.338233,
    1.329742,
    1.320494,
    1.313759,
    1.308537,
    1.303625,
    1.30008,
    1.297741,
    1.299176,
    1.301759,
    1.300013,
    1.292212,
    1.290613,
    1.291081,
    1.290798,
    1.286588,
    1.280951,
    1.276839,
    1.271356,
    1.261435,
    1.250858,
    1.240052,
    1.230681,
    1.222548,
    1.216982,
    1.213308,
    1.211185,
    1.209868,
    1.207812,
    1.205192,
    1.201241,
    1.197621,
    1.195763,
    1.195066,
    1.193569,
    1.195014,
    1.193368,
    1.189496,
    1.187155,
    1.184451,
    1.183743,
    1.183611,
    1.181545,
    1.177824,
    1.174603,
    1.173626,
    1.171855,
    1.169509,
    1.168544,
    1.169481,
    1.174333,
    1.178985,
    1.181448,
    1.191658,
    1.209963,
    1.232515,
    1.250251,
    1.259491,
    1.257228,
    1.237429,
    1.205742,
    1.169559,
    1.136882,
    1.113048,
    1.092965,
    1.078056,
    1.06612,
    1.058763,
    1.054928,
    1.069077,
    1.065561,
    1.060143,
    1.053483,
    1.052462,
    1.05258,
    1.052379,
    1.051335,
    1.052824,
    1.054935,
    1.054896,
    1.054741,
    1.057412,
    1.055236,
    1.060986,
    1.064046,
    1.064099,
    1.0708,
    1.061158,
    1.062933
  ],
  "reconstruction_rmse_per_band": [
    149.669067,
    163.483536,
    177.32933,
    196.403152,
    214.786926,
    227.89389,
    238.56308,
    246.84584,
    254.744354,
    263.782928,
    272.260712,
    277.388,
    283.386993,
    287.847198,
    290.134338,
    291.12561,
    292.562683,
    292.779266,
    291.133881,
    289.170837,
    287.080383,
    284.408081,
    280.841919,
    277.465515,
    275.69339,
    274.346802,
    270.139374,
    264.830505,
    259.240662,
    254.856293,
    250.751678,
    245.098831,
    239.291428,
    234.543671,
    229.65625,
    224.848648,
    219.787125,
    214.685226,
    209.778625,
    204.940048,
    200.298401,
    195.61351,
    191.797104,
    189.171997,
    188.068008,
    186.948761,
    185.837753,
    184.565933,
    184.045578,
    182.300003,
    182.000854,
    182.209427,
    181.808456,
    181.477768,
    180.607651,
    180.385056,
    180.571365,
    181.038849,
    182.116592,
    182.026276,
    181.361984,
    180.930405,
    180.288132,
    179.318619,
    177.262314,
    176.127991,
    176.57959,
    176.171494,
    175.890198,
    175.421677,
    174.252472,
    171.687836,
    168.049133,
    161.11467,
    150.648651,
    142.657883,
    137.498764,
    135.560638,
    135.900009,
    137.396729,
    139.592972,
    141.178497,
    139.7901,
    135.516235,
    136.670776,
    139.533401,
    140.969284,
    140.752365,
    140.264328,
    139.924393,
    140.295105,
    139.289108,
    138.021561,
    137.552109,
    137.047241,
    135.721039,
    134.000854,
    132.203918,
    130.836456,
    130.169189,
    129.230728,
    129.676987,
    130.750092
  ],