{
  "scheme": "quantile",
  "domain": "global",
  "Q": 8,
  "scene_id": "pavia-university",
  "preprocessing_id": "raw",
  "document_count": 207400,
  "band_count": 103,
  "wavelengths_nm": [
    430.0,
    434.215698,
    438.431366,
    442.647064,
    446.862732,
    451.07843,
    455.294128,
    459.509796,
    463.725494,
    467.941162,
    472.15686,
    476.372559,
    480.588226,
    484.803925,
    489.019623,
    493.235291,
    497.450989,
    501.666656,
    505.882355,
    510.098053,
    514.313721,
    518.529419,
    522.745117,
    526.960754,
    531.176453,
    535.392151,
    539.607849,
    543.823547,
    548.039246,
    552.254883,
    556.470581,
    560.686279,
    564.901978,
    569.117676,
    573.333313,
    577.549011,
    581.764709,
    585.980408,
    590.196106,
    594.411743,
    598.627441,
    602.84314,
    607.058838,
    611.274536,
    615.490173,
    619.705872,
    623.92157,
    628.137268,
    632.352966,
    636.568604,
    640.784302,
    645.0,
    649.215698,
    653.431396,
    657.647034,
    661.862732,
    666.07843,
    670.294128,
    674.509827,
    678.725464,
    682.941162,
    687.15686,
    691.372559,
    695.588257,
    699.803894,
    704.019592,
    708.235291,
    712.450989,
    716.666687,
    720.882324,
    725.098022,
    729.313721,
    733.529419,
    737.745117,
    741.960754,
    746.176453,
    750.392151,
    754.607849,
    758.823547,
    763.039246,
    767.254883,
    771.470581,
    775.686279,
    779.901978,
    784.117676,
    788.333313,
    792.549011,
    796.764709,
    800.980408,
    805.196106,
    809.411743,
    813.627441,
    817.84314,
    822.058838,
    826.274536,
    830.490173,
    834.705872,
    838.92157,
    843.137268,
    847.352966,
    851.568604,
    855.784302,
    860.0
  ],
  "vocab_size_per_recipe": {
    "V1_band_freq": 103,
    "V2_bin_phrase": 8,
    "V3_band_bin_ordered": 824,
    "V3b_band_bin_bag": 824
  },
  "doc_length_distribution_per_recipe": {
    "V1_band_freq": {
      "min": 0,
      "p5": 103.0,
      "p25": 275.0,
      "median": 350.0,
      "p75": 449.0,
      "p95": 614.0,
      "max": 721,
      "mean": 360.599609
    },
    "V2_bin_phrase": {
      "min": 103,
      "p5": 103.0,
      "p25": 103.0,
      "median": 103.0,
      "p75": 103.0,
      "p95": 103.0,
      "max": 103,
      "mean": 103.0
    },
    "V3_band_bin_ordered": {
      "min": 103,
      "p5": 103.0,
      "p25": 103.0,
      "median": 103.0,
      "p75": 103.0,
      "p95": 103.0,
      "max": 103,
      "mean": 103.0
    },
    "V3b_band_bin_bag": {
      "min": 103,
      "p5": 103.0,
      "p25": 103.0,
      "median": 103.0,
      "p75": 103.0,
      "p95": 103.0,
      "max": 103,
      "mean": 103.0
    }
  },
  "zero_token_doc_rate_per_recipe": {
    "V1_band_freq": 0.00107,
    "V2_bin_phrase": 0.0,
    "V3_band_bin_ordered": 0.0,
    "V3b_band_bin_bag": 0.0
  },
  "token_sparsity_per_recipe": {
    "V1_band_freq_nonzero_band_ratio_mean": 0.875315,
    "V1_band_freq_nonzero_band_ratio_p50": 1.0
  },
  "bin_population": [
    0.124685,
    0.125215,
    0.125015,
    0.125016,
    0.125035,
    0.124843,
    0.125016,
    0.125174
  ],
  "info_preserved_bits_per_band": [
    2.498905,
    2.501862,
    2.493036,
    2.521921,
    2.545276,
    2.548456,
    2.552329,
    2.552032,
    2.553369,
    2.565012,
    2.580355,
    2.575709,
    2.579205,
    2.590607,
    2.603456,
    2.610261,
    2.626599,
    2.64347,
    2.659562,
    2.678374,
    2.696096,
    2.712888,
    2.721647,
    2.726022,
    2.736434,
    2.745594,
    2.744738,
    2.741441,
    2.740618,
    2.745644,
    2.753798,
    2.763008,
    2.774142,
    2.792102,
    2.813024,
    2.8346,
    2.851578,
    2.865458,
    2.875343,
    2.882306,
    2.887119,
    2.8898,
    2.892863,
    2.896537,
    2.901471,
    2.905581,
    2.906643,
    2.906378,
    2.907483,
    2.905246,
    2.907007,
    2.910587,
    2.911493,
    2.912118,
    2.90932,
    2.906184,
    2.904832,
    2.904227,
    2.901831,
    2.89796,
    2.896615,
    2.898378,
    2.900442,
    2.903264,
    2.90908,
    2.9151,
    2.91189,
    2.876983,
    2.801965,
    2.701299,
    2.600422,
    2.520049,
    2.466596,
    2.443381,
    2.436371,
    2.42935,
    2.418453,
    2.398975,
    2.379058,
    2.358951,
    2.33453,
    2.322108,
    2.324694,
    2.319467,
    2.306855,
    2.304794,
    2.301183,
    2.30298,
    2.302282,
    2.294038,
    2.277296,
    2.277311,
    2.284109,
    2.278145,
    2.273601,
    2.281043,
    2.282488,
    2.275456,
    2.280793,
    2.291351,
    2.302244,
    2.293219,
    2.279893
  ],
  "info_preserved_ratio_per_band": [
    1.435126,
    1.401029,
    1.356355,
    1.336354,
    1.3224,
    1.308688,
    1.296858,
    1.291264,
    1.285859,
    1.279417,
    1.273109,
    1.26963,
    1.265731,
    1.262191,
    1.258898,
    1.255912,
    1.253245,
    1.25151,
    1.251015,
    1.251606,
    1.25382,
    1.258946,
    1.268437,
    1.279719,
    1.288351,
    1.286517,
    1.284086,
    1.282424,
    1.280465,
    1.27457,
    1.268215,
    1.265384,
    1.263479,
    1.259681,
    1.257039,
    1.253067,
    1.248641,
    1.244705,
    1.241944,
    1.239084,
    1.237402,
    1.236022,
    1.235388,
    1.233589,
    1.229848,
    1.226347,
    1.224187,
    1.223342,
    1.221571,
    1.222739,
    1.221098,
    1.217258,
    1.21472,
    1.211391,
    1.209973,
    1.208881,
    1.205968,
    1.201269,
    1.19718,
    1.195408,
    1.192947,
    1.190269,
    1.189377,
    1.190658,
    1.196619,
    1.204022,
    1.20864,
    1.206977,
    1.200711,
    1.186871,
    1.155736,
    1.13334,
    1.106481,
    1.071932,
    1.034293,
    0.991213,
    0.951127,
    0.913537,
    0.884117,
    0.860379,
    0.838452,
    0.825656,
    0.825974,
    0.8397,
    0.831678,
    0.821704,
    0.813662,
    0.813164,
    0.812939,
    0.809736,
    0.802651,
    0.804247,
    0.808664,
    0.806446,
    0.804592,
    0.809403,
    0.810999,
    0.813955,
    0.818883,
    0.82286,
    0.830677,
    0.820571,
    0.814828
  ],
  "reconstruction_rmse_per_band": [
    96.892097,
    101.608917,
    108.42717,
    122.051888,
    137.515472,
    148.040329,
    157.039749,
    163.321289,
    169.875488,
    178.767471,
    188.107498,
    193.123367,
    199.884445,
    206.264053,
    211.085892,
    214.098007,
    217.840485,
    220.178421,
    221.408997,
    222.328964,
    222.904388,
    222.99263,
    222.288376,
    221.189987,
    222.904892,
    226.540817,
    225.007187,
    221.349304,
    217.767273,
    216.348877,
    215.471802,
    212.415329,
    208.823593,
    207.126709,
    205.150391,
    203.28746,
    200.325836,
    196.876434,
    192.755051,
    189.219421,
    185.897232,
    182.714523,
    180.646713,
    179.473343,
    179.595047,
    179.750519,
    179.147888,
    178.19516,
    178.493927,
    176.527863,
    177.110107,
    178.695953,
    179.208755,
    179.860626,
    179.246017,
    179.254395,
    180.061157,
    181.328003,
    183.08107,
    183.249756,
    183.130859,
    183.819489,
    184.029633,
    183.484772,
    181.12851,
    180.073135,
    182.379196,
    183.355942,
    185.391907,
    187.551956,
    188.694901,
    188.998276,
    189.957413,
    196.966614,
    202.972519,
    218.285645,
    242.279022,
    273.464844,
    303.513306,
    330.810028,
    356.58197,
    373.190552,
    372.254913,
    352.784088,
    359.795563,
    378.507111,
    389.018585,
    389.857056,
    389.229553,
    390.640564,
    394.701538,
    391.844391,
    386.611938,
    387.11618,
    387.661224,
    382.078217,
    373.693787,
    366.108246,
    360.313232,
    358.148407,
    355.263763,
    360.785461,
    369.442047
  ],